{
  "scope": "api_tests",
  "api_test_count": 34489,
  "assertion_targets": {
    "countable_assertion_count": 200948,
    "response_surface_assertion_count": 98272,
    "excluded_countable_assertions": {
      "general": 101951,
      "exception": 725
    },
    "by_target": {
      "status": {
        "count": 62013,
        "total": 98272,
        "proportion": 0.6310342722240313,
        "proportion_of_countable_assertions": 0.30860222545136057
      },
      "body": {
        "count": 27956,
        "total": 98272,
        "proportion": 0.284475740801042,
        "proportion_of_countable_assertions": 0.13912056850528495
      },
      "header": {
        "count": 8303,
        "total": 98272,
        "proportion": 0.08448998697492674,
        "proportion_of_countable_assertions": 0.04131914724207258
      }
    }
  },
  "target_assertions_per_test": {
    "status": {
      "count": 34489,
      "min": 0.0,
      "max": 49.0,
      "mean": 1.7980515526689669,
      "p25": 0.0,
      "p50": 1.0,
      "p75": 1.0,
      "p90": 4.0
    },
    "body": {
      "count": 34489,
      "min": 0.0,
      "max": 132.0,
      "mean": 0.8105772855113225,
      "p25": 0.0,
      "p50": 0.0,
      "p75": 1.0,
      "p90": 2.0
    },
    "header": {
      "count": 34489,
      "min": 0.0,
      "max": 30.0,
      "mean": 0.24074342543999536,
      "p25": 0.0,
      "p50": 0.0,
      "p75": 0.0,
      "p90": 1.0
    }
  },
  "response_surface_combinations": {
    "total": 34489,
    "by_combination": {
      "none": {
        "count": 9003,
        "total": 34489,
        "proportion": 0.2610397518049233
      },
      "status-only": {
        "count": 11731,
        "total": 34489,
        "proportion": 0.3401374351242425
      },
      "body-only": {
        "count": 2008,
        "total": 34489,
        "proportion": 0.05822146191539331
      },
      "header-only": {
        "count": 260,
        "total": 34489,
        "proportion": 0.007538635506973238
      },
      "status+body": {
        "count": 7463,
        "total": 34489,
        "proportion": 0.21638783380208182
      },
      "status+header": {
        "count": 2234,
        "total": 34489,
        "proportion": 0.06477427585607005
      },
      "body+header": {
        "count": 662,
        "total": 34489,
        "proportion": 0.01919452579083186
      },
      "status+body+header": {
        "count": 1128,
        "total": 34489,
        "proportion": 0.03270608019948389
      }
    }
  },
  "oracle_types": {
    "total": 34489,
    "by_type": {
      "contract": {
        "count": 90,
        "total": 34489,
        "proportion": 0.002609527675490736
      },
      "example-based": {
        "count": 30493,
        "total": 34489,
        "proportion": 0.8841369712082113
      },
      "implicit": {
        "count": 3896,
        "total": 34489,
        "proportion": 0.11296355359679898
      },
      "property-based": {
        "count": 10,
        "total": 34489,
        "proportion": 0.0002899475194989707
      }
    }
  },
  "status_assertions": {
    "status_assertion_count": 62013,
    "status_asserted_test_count": 22556,
    "range_assertion_counts": {
      "1xx": {
        "count": 0,
        "total": 62013,
        "proportion": 0.0
      },
      "2xx": {
        "count": 43285,
        "total": 62013,
        "proportion": 0.6979988067018206
      },
      "3xx": {
        "count": 3700,
        "total": 62013,
        "proportion": 0.05966490897069969
      },
      "4xx": {
        "count": 6272,
        "total": 62013,
        "proportion": 0.10114008353087256
      },
      "5xx": {
        "count": 771,
        "total": 62013,
        "proportion": 0.012432876977407963
      },
      "unknown": {
        "count": 7985,
        "total": 62013,
        "proportion": 0.1287633238191992
      }
    },
    "tests_with_range": {
      "2xx": {
        "count": 16435,
        "total": 34489,
        "proportion": 0.47652874829655834
      },
      "4xx": {
        "count": 4811,
        "total": 34489,
        "proportion": 0.1394937516309548
      },
      "5xx": {
        "count": 576,
        "total": 34489,
        "proportion": 0.01670097712314071
      }
    },
    "tests_with_range_among_status_asserted": {
      "2xx": {
        "count": 16435,
        "total": 22556,
        "proportion": 0.7286309629366909
      },
      "4xx": {
        "count": 4811,
        "total": 22556,
        "proportion": 0.2132913637169711
      },
      "5xx": {
        "count": 576,
        "total": 22556,
        "proportion": 0.025536442631672283
      }
    },
    "exact_status_code_assertion_count": 53253,
    "exact_status_code_assertion_counts": {
      "200": {
        "count": 38288,
        "total": 53253,
        "proportion": 0.7189829680956942
      },
      "201": {
        "count": 2766,
        "total": 53253,
        "proportion": 0.05194073573319813
      },
      "202": {
        "count": 195,
        "total": 53253,
        "proportion": 0.0036617655343360936
      },
      "203": {
        "count": 3,
        "total": 53253,
        "proportion": 5.633485437440144e-05
      },
      "204": {
        "count": 1581,
        "total": 53253,
        "proportion": 0.02968846825530956
      },
      "206": {
        "count": 20,
        "total": 53253,
        "proportion": 0.00037556569582934294
      },
      "207": {
        "count": 2,
        "total": 53253,
        "proportion": 3.7556569582934296e-05
      },
      "210": {
        "count": 1,
        "total": 53253,
        "proportion": 1.8778284791467148e-05
      },
      "211": {
        "count": 1,
        "total": 53253,
        "proportion": 1.8778284791467148e-05
      },
      "212": {
        "count": 1,
        "total": 53253,
        "proportion": 1.8778284791467148e-05
      },
      "222": {
        "count": 2,
        "total": 53253,
        "proportion": 3.7556569582934296e-05
      },
      "301": {
        "count": 10,
        "total": 53253,
        "proportion": 0.00018778284791467147
      },
      "302": {
        "count": 595,
        "total": 53253,
        "proportion": 0.011173079450922952
      },
      "303": {
        "count": 2952,
        "total": 53253,
        "proportion": 0.05543349670441102
      },
      "304": {
        "count": 16,
        "total": 53253,
        "proportion": 0.00030045255666347437
      },
      "400": {
        "count": 1633,
        "total": 53253,
        "proportion": 0.03066493906446585
      },
      "401": {
        "count": 1079,
        "total": 53253,
        "proportion": 0.020261769289993053
      },
      "402": {
        "count": 5,
        "total": 53253,
        "proportion": 9.389142395733574e-05
      },
      "403": {
        "count": 1182,
        "total": 53253,
        "proportion": 0.02219593262351417
      },
      "404": {
        "count": 1506,
        "total": 53253,
        "proportion": 0.028280096895949524
      },
      "405": {
        "count": 111,
        "total": 53253,
        "proportion": 0.0020843896118528534
      },
      "406": {
        "count": 39,
        "total": 53253,
        "proportion": 0.0007323531068672188
      },
      "407": {
        "count": 1,
        "total": 53253,
        "proportion": 1.8778284791467148e-05
      },
      "408": {
        "count": 1,
        "total": 53253,
        "proportion": 1.8778284791467148e-05
      },
      "409": {
        "count": 104,
        "total": 53253,
        "proportion": 0.0019529416183125833
      },
      "410": {
        "count": 6,
        "total": 53253,
        "proportion": 0.00011266970874880288
      },
      "411": {
        "count": 6,
        "total": 53253,
        "proportion": 0.00011266970874880288
      },
      "412": {
        "count": 17,
        "total": 53253,
        "proportion": 0.0003192308414549415
      },
      "413": {
        "count": 19,
        "total": 53253,
        "proportion": 0.0003567874110378758
      },