{
  "scope": "api_tests",
  "api_test_count": 34489,
  "by_origin": {
    "test-method": {
      "http_builders": {
        "count": 34489,
        "min": 0.0,
        "max": 179.0,
        "mean": 2.795847951520775,
        "p25": 0.0,
        "p50": 2.0,
        "p75": 4.0,
        "p90": 6.0
      },
      "http_events": {
        "count": 34489,
        "min": 0.0,
        "max": 38.0,
        "mean": 1.0672678245237612,
        "p25": 1.0,
        "p50": 1.0,
        "p75": 1.0,
        "p90": 2.0
      },
      "http_verifications": {
        "count": 34489,
        "min": 0.0,
        "max": 137.0,
        "mean": 1.6082519064049408,
        "p25": 0.0,
        "p50": 1.0,
        "p75": 2.0,
        "p90": 4.0
      }
    },
    "test-helper": {
      "http_builders": {
        "count": 34489,
        "min": 0.0,
        "max": 671.0,
        "mean": 2.645974078691757,
        "p25": 0.0,
        "p50": 0.0,
        "p75": 1.0,
        "p90": 8.0
      },
      "http_events": {
        "count": 34489,
        "min": 0.0,
        "max": 174.0,
        "mean": 0.8952709559569718,
        "p25": 0.0,
        "p50": 0.0,
        "p75": 1.0,
        "p90": 3.0
      },
      "http_verifications": {
        "count": 34489,
        "min": 0.0,
        "max": 145.0,
        "mean": 0.3716547304937806,
        "p25": 0.0,
        "p50": 0.0,
        "p75": 0.0,
        "p90": 1.0
      }
    },
    "fixture": {
      "http_builders": {
        "count": 34489,
        "min": 0.0,
        "max": 128.0,
        "mean": 1.3353243063005595,
        "p25": 0.0,
        "p50": 0.0,
        "p75": 0.0,
        "p90": 3.0
      },
      "http_events": {
        "count": 34489,
        "min": 0.0,
        "max": 81.0,
        "mean": 0.7647655774304851,
        "p25": 0.0,
        "p50": 0.0,
        "p75": 0.0,
        "p90": 3.0
      },
      "http_verifications": {
        "count": 34489,
        "min": 0.0,
        "max": 35.0,
        "mean": 0.8694656267215634,
        "p25": 0.0,
        "p50": 0.0,
        "p75": 0.0,
        "p90": 1.0
      },
      "by_phase": {
        "setup": {
          "http_builders": {
            "count": 34489,
            "min": 0.0,
            "max": 118.0,
            "mean": 1.0049001130795325,
            "p25": 0.0,
            "p50": 0.0,
            "p75": 0.0,
            "p90": 1.0
          },
          "http_events": {
            "count": 34489,
            "min": 0.0,
            "max": 71.0,
            "mean": 0.4201629505059584,
            "p25": 0.0,
            "p50": 0.0,
            "p75": 0.0,
            "p90": 1.0
          },
          "http_verifications": {
            "count": 34489,
            "min": 0.0,
            "max": 28.0,
            "mean": 0.5437095885644698,
            "p25": 0.0,
            "p50": 0.0,
            "p75": 0.0,
            "p90": 0.0
          }
        },
        "teardown": {
          "http_builders": {
            "count": 34489,
            "min": 0.0,
            "max": 68.0,
            "mean": 0.330424193221027,
            "p25": 0.0,
            "p50": 0.0,
            "p75": 0.0,
            "p90": 0.0
          },
          "http_events": {
            "count": 34489,
            "min": 0.0,
            "max": 24.0,
            "mean": 0.34460262692452664,
            "p25": 0.0,
            "p50": 0.0,
            "p75": 0.0,
            "p90": 1.0
          },
          "http_verifications": {
            "count": 34489,
            "min": 0.0,
            "max": 19.0,
            "mean": 0.3257560381570936,
            "p25": 0.0,
            "p50": 0.0,
            "p75": 0.0,
            "p90": 0.0
          }
        }
      }
    },
    "total": {
      "http_builders": {
        "count": 34489,
        "min": 0.0,
        "max": 671.0,
        "mean": 6.777146336513091,
        "p25": 1.0,
        "p50": 3.0,
        "p75": 6.0,
        "p90": 15.0
      },
      "http_events": {
        "count": 34489,
        "min": 1.0,
        "max": 174.0,
        "mean": 2.727304357911218,
        "p25": 1.0,
        "p50": 1.0,
        "p75": 3.0,
        "p90": 6.0
      },
      "http_verifications": {
        "count": 34489,
        "min": 0.0,
        "max": 154.0,
        "mean": 2.8493722636202845,
        "p25": 0.0,
        "p50": 1.0,
        "p75": 3.0,
        "p90": 7.0
      }
    }
  },
  "assertion_count": {
    "count": 34489,
    "min": 0.0,
    "max": 795.0,
    "mean": 5.826437414827916,
    "p25": 1.0,
    "p50": 3.0,
    "p75": 6.0,
    "p90": 14.0
  },
  "mocked_interaction_count": {
    "count": 34489,
    "min": 0.0,
    "max": 6.0,
    "mean": 0.001304763837745368,
    "p25": 0.0,
    "p50": 0.0,
    "p75": 0.0,
    "p90": 0.0
  },
  "fixtures": {
    "setup_method_count": {
      "count": 34489,
      "min": 0.0,
      "max": 10.0,
      "mean": 1.5073501696192988,
      "p25": 1.0,
      "p50": 1.0,
      "p75": 2.0,
      "p90": 4.0
    },
    "teardown_method_count": {
      "count": 34489,
      "min": 0.0,
      "max": 9.0,
      "mean": 0.9374003305401722,
      "p25": 0.0,
      "p50": 0.0,
      "p75": 2.0,
      "p90": 3.0
    }
  },
  "test_helper_method_count": {
    "count": 34489,
    "min": 0.0,
    "max": 102.0,
    "mean": 3.996897561541361,
    "p25": 0.0,
    "p50": 1.0,
    "p75": 4.0,
    "p90": 12.0
  }
}
