{
  "scope": "all_projects",
  "project_count": 2527,
  "projects_with_zero_tests": 640,
  "quadrants": {
    "endpoints_and_api_tests": {
      "project_count": 246,
      "test_count": 430798,
      "api_test_count": 28912,
      "projects_with_zero_tests": 0,
      "tests_per_project": {
        "count": 246,
        "min": 1.0,
        "max": 22173.0,
        "mean": 1751.2113821138212,
        "p25": 151.5,
        "p50": 627.0,
        "p75": 1847.5,
        "p90": 4808.0
      },
      "api_tests_per_project": {
        "count": 246,
        "min": 1.0,
        "max": 4870.0,
        "mean": 117.52845528455285,
        "p25": 4.0,
        "p50": 17.5,
        "p75": 66.75,
        "p90": 203.5
      }
    },
    "endpoints_no_api_tests": {
      "project_count": 325,
      "test_count": 194262,
      "api_test_count": 0,
      "projects_with_zero_tests": 58,
      "tests_per_project": {
        "count": 325,
        "min": 0.0,
        "max": 7830.0,
        "mean": 597.7292307692308,
        "p25": 4.0,
        "p50": 62.0,
        "p75": 492.0,
        "p90": 1901.2000000000016
      },
      "api_tests_per_project": {
        "count": 325,
        "min": 0.0,
        "max": 0.0,
        "mean": 0.0,
        "p25": 0.0,
        "p50": 0.0,
        "p75": 0.0,
        "p90": 0.0
      }
    },
    "api_tests_no_endpoints": {
      "project_count": 104,
      "test_count": 213124,
      "api_test_count": 5577,
      "projects_with_zero_tests": 0,
      "tests_per_project": {
        "count": 104,
        "min": 2.0,
        "max": 15001.0,
        "mean": 2049.269230769231,
        "p25": 190.75,
        "p50": 934.5,
        "p75": 2257.25,
        "p90": 6442.500000000002
      },
      "api_tests_per_project": {
        "count": 104,
        "min": 1.0,
        "max": 1590.0,
        "mean": 53.625,
        "p25": 2.0,
        "p50": 6.0,
        "p75": 25.75,
        "p90": 70.4
      }
    },
    "no_endpoints_no_api_tests": {
      "project_count": 1852,
      "test_count": 813651,
      "api_test_count": 0,
      "projects_with_zero_tests": 582,
      "tests_per_project": {
        "count": 1852,
        "min": 0.0,
        "max": 18841.0,
        "mean": 439.33639308855294,
        "p25": 0.0,
        "p50": 26.5,
        "p75": 283.25,
        "p90": 1066.5000000000005
      },
      "api_tests_per_project": {
        "count": 1852,
        "min": 0.0,
        "max": 0.0,
        "mean": 0.0,
        "p25": 0.0,
        "p50": 0.0,
        "p75": 0.0,
        "p90": 0.0
      }
    }
  },
  "api_test_universe": {
    "scope": "projects_with_api_tests",
    "project_count": 350,
    "api_test_count": 34489,
    "api_test_class_count": 7198,
    "application_class_count": 511821,
    "application_method_count": 3094398,
    "endpoint_count": 41037,
    "api_tests_per_project": {
      "count": 350,
      "min": 1.0,
      "max": 4870.0,
      "mean": 98.54,
      "p25": 3.0,
      "p50": 13.0,
      "p75": 59.0,
      "p90": 152.70000000000016
    },
    "api_test_classes_per_project": {
      "count": 350,
      "min": 1.0,
      "max": 1796.0,
      "mean": 20.565714285714286,
      "p25": 1.0,
      "p50": 4.0,
      "p75": 15.0,
      "p90": 35.200000000000045
    },
    "api_test_ncloc": {
      "count": 34489,
      "min": 3.0,
      "max": 10494.0,
      "mean": 260.11957435704136,
      "p25": 20.0,
      "p50": 71.0,
      "p75": 256.0,
      "p90": 641.2000000000007
    },
    "fixtures_per_project": {
      "count": 350,
      "min": 0.0,
      "max": 1512.0,
      "mean": 33.58857142857143,
      "p25": 1.0,
      "p50": 3.0,
      "p75": 16.75,
      "p90": 60.40000000000009
    },
    "application_classes_per_project": {
      "count": 350,
      "min": 1.0,
      "max": 12784.0,
      "mean": 1462.3457142857144,
      "p25": 290.5,
      "p50": 653.5,
      "p75": 2110.25,
      "p90": 3820.0000000000036
    },
    "application_methods_per_project": {
      "count": 350,
      "min": 1.0,
      "max": 64354.0,
      "mean": 8841.137142857142,
      "p25": 978.25,
      "p50": 3369.0,
      "p75": 11323.5,
      "p90": 26528.800000000025
    },
    "endpoints_per_project": {
      "count": 350,
      "min": 0.0,
      "max": 4143.0,
      "mean": 117.24857142857142,
      "p25": 0.0,
      "p50": 15.5,
      "p75": 95.5,
      "p90": 304.4000000000003
    }
  }
}
