{
  "scope": "api_tests_with_dispatch_labels",
  "labeled_test_count": 34489,
  "label_split": {
    "in-process": {
      "test_count": 12201,
      "pct_of_labeled_tests": 35.376496854069416
    },
    "local-network": {
      "test_count": 14631,
      "pct_of_labeled_tests": 42.4222215778944
    },
    "remote-network": {
      "test_count": 183,
      "pct_of_labeled_tests": 0.5306039606831163
    },
    "unknown": {
      "test_count": 7492,
      "pct_of_labeled_tests": 21.722868160862884
    }
  },
  "multiple_label_tests": {
    "count": 18,
    "total": 34489,
    "proportion": 0.0005219055350981472
  },
  "per_label": {
    "in-process": {
      "test_count": 12201,
      "metrics": {
        "expanded_ncloc": {
          "count": 12201,
          "min": 3.0,
          "max": 4054.0,
          "mean": 300.6332267846898,
          "p25": 24.0,
          "p50": 101.0,
          "p75": 456.0,
          "p90": 809.0
        },
        "expanded_cyclomatic_complexity": {
          "count": 12201,
          "min": 1.0,
          "max": 842.0,
          "mean": 60.74625030735186,
          "p25": 3.0,
          "p50": 16.0,
          "p75": 93.0,
          "p90": 170.0
        },
        "expanded_objects_created": {
          "count": 12201,
          "min": 0.0,
          "max": 648.0,
          "mean": 13.537496926481436,
          "p25": 2.0,
          "p50": 8.0,
          "p75": 21.0,
          "p90": 32.0
        },
        "expanded_helper_method_count": {
          "count": 12201,
          "min": 0.0,
          "max": 517.0,
          "mean": 34.81952298991886,
          "p25": 0.0,
          "p50": 8.0,
          "p75": 51.0,
          "p90": 97.0
        },
        "mocked_interaction_count": {
          "count": 12201,
          "min": 0.0,
          "max": 6.0,
          "mean": 0.0012294074256208507,
          "p25": 0.0,
          "p50": 0.0,
          "p75": 0.0,
          "p90": 0.0
        },
        "dependency_strategy_label_count": {
          "count": 12201,
          "min": 0.0,
          "max": 2.0,
          "mean": 0.3427587902630932,
          "p25": 0.0,
          "p50": 0.0,
          "p75": 1.0,
          "p90": 1.0
        }
      },
      "resource_lifecycle": {
        "has_read_after_write": {
          "count": 701,
          "total": 12201,
          "proportion": 0.057454307024014425
        },
        "has_cleanup_delete": {
          "count": 132,
          "total": 12201,
          "proportion": 0.010818785345463487
        }
      },
      "status_range_counts": {
        "1xx": {
          "count": 12201,
          "min": 0.0,
          "max": 0.0,
          "mean": 0.0,
          "p25": 0.0,
          "p50": 0.0,
          "p75": 0.0,
          "p90": 0.0
        },
        "2xx": {
          "count": 12201,
          "min": 0.0,
          "max": 42.0,
          "mean": 2.3684124252110483,
          "p25": 0.0,
          "p50": 1.0,
          "p75": 2.0,
          "p90": 9.0
        },
        "3xx": {
          "count": 12201,
          "min": 0.0,
          "max": 7.0,
          "mean": 0.2744037373985739,
          "p25": 0.0,
          "p50": 0.0,
          "p75": 0.0,
          "p90": 2.0
        },
        "4xx": {
          "count": 12201,
          "min": 0.0,
          "max": 17.0,
          "mean": 0.30259814769281207,
          "p25": 0.0,
          "p50": 0.0,
          "p75": 0.0,
          "p90": 1.0
        },
        "5xx": {
          "count": 12201,
          "min": 0.0,
          "max": 8.0,
          "mean": 0.0329481190066388,
          "p25": 0.0,
          "p50": 0.0,
          "p75": 0.0,
          "p90": 0.0
        },
        "unknown": {
          "count": 12201,
          "min": 0.0,
          "max": 5.0,
          "mean": 0.025325792967789525,
          "p25": 0.0,
          "p50": 0.0,
          "p75": 0.0,
          "p90": 0.0
        }
      }
    },
    "local-network": {
      "test_count": 14631,
      "metrics": {
        "expanded_ncloc": {
          "count": 14631,
          "min": 3.0,
          "max": 9814.0,
          "mean": 130.65456906568247,
          "p25": 11.0,
          "p50": 48.0,
          "p75": 136.0,
          "p90": 260.0
        },
        "expanded_cyclomatic_complexity": {
          "count": 14631,
          "min": 1.0,
          "max": 2417.0,
          "mean": 23.66181395666735,
          "p25": 2.0,
          "p50": 7.0,
          "p75": 20.0,
          "p90": 42.0
        },
        "expanded_objects_created": {
          "count": 14631,
          "min": 0.0,
          "max": 511.0,
          "mean": 10.4197252409268,
          "p25": 0.0,
          "p50": 2.0,
          "p75": 7.0,
          "p90": 20.0
        },
        "expanded_helper_method_count": {
          "count": 14631,
          "min": 0.0,
          "max": 1020.0,
          "mean": 13.710682796801311,
          "p25": 0.0,
          "p50": 3.0,
          "p75": 12.0,
          "p90": 32.0
        },
        "mocked_interaction_count": {
          "count": 14631,
          "min": 0.0,
          "max": 4.0,
          "mean": 0.0017770487321440776,
          "p25": 0.0,
          "p50": 0.0,
          "p75": 0.0,
          "p90": 0.0
        },
        "dependency_strategy_label_count": {
          "count": 14631,
          "min": 0.0,
          "max": 2.0,
          "mean": 0.3038753331966373,
          "p25": 0.0,
          "p50": 0.0,
          "p75": 1.0,
          "p90": 1.0
        }
      },
      "resource_lifecycle": {
        "has_read_after_write": {
          "count": 695,
          "total": 14631,
          "proportion": 0.04750187957077438
        },
        "has_cleanup_delete": {
          "count": 417,
          "total": 14631,
          "proportion": 0.02850112774246463
        }
      },
      "status_range_counts": {
        "1xx": {
          "count": 14631,
          "min": 0.0,
          "max": 0.0,
          "mean": 0.0,
          "p25": 0.0,
          "p50": 0.0,
          "p75": 0.0,
          "p90": 0.0
        },
        "2xx": {
          "count": 14631,
          "min": 0.0,
          "max": 36.0,
          "mean": 0.7896247693254049,
          "p25": 0.0,
          "p50": 0.0,
          "p75": 1.0,
          "p90": 2.0
        },
        "3xx": {
          "count": 14631,
          "min": 0.0,
          "max": 8.0,
          "mean": 0.00943202788599549,
          "p25": 0.0,
          "p50": 0.0,
          "p75": 0.0,
          "p90": 0.0
        },
        "4xx": {
          "count": 14631,
          "min": 0.0,
          "max": 19.0,
          "mean": 0.12097600984211605,
          "p25": 0.0,
          "p50": 0.0,
          "p75": 0.0,
          "p90": 0.0
        },
        "5xx": {
          "count": 14631,
          "min": 0.0,
          "max": 4.0,
          "mean": 0.01961588408174424,
          "p25": 0.0,
          "p50": 0.0,
          "p75": 0.0,
          "p90": 0.0
        },
        "unknown": {
          "count": 14631,
          "min": 0.0,
          "max": 39.0,
          "mean": 0.15262114687991252,
          "p25": 0.0,
          "p50": 0.0,
          "p75": 0.0,
          "p90": 0.0
        }
      }
    },
    "remote-network": {
      "test_count": 183,
      "metrics": {
        "expanded_ncloc": {
          "count": 183,
          "min": 3.0,
          "max": 1058.0,
          "mean": 45.86338797814208,
          "p25": 12.5,
          "p50": 25.0,
          "p75": 49.0,
          "p90": 80.80000000000001
        },
        "expanded_cyclomatic_complexity": {
          "count": 183,
          "min": 1.0,
          "max": 258.0,
          "mean": 7.715846994535519,
          "p25": 1.0,
          "p50": 3.0,
          "p75": 6.0,
          "p90": 12.0
        },
        "expanded_objects_created": {
          "count": 183,
          "min": 0.0,
          "max": 72.0,
          "mean": 4.169398907103825,
          "p25": 0.0,
          "p50": 1.0,
          "p75": 3.0,
          "p90": 19.0
        },