{
  "endpoint_universe": {
    "scope": "projects_with_endpoints",
    "endpoint_count": 2397,
    "parameter_surface": {
      "endpoints_with_body": {
        "count": 714,
        "total": 2397,
        "proportion": 0.2978723404255319
      },
      "required_by_source": {
        "path": {
          "count": 2397,
          "min": 0.0,
          "max": 6.0,
          "mean": 0.6925323320817689,
          "p25": 0.0,
          "p50": 0.0,
          "p75": 1.0,
          "p90": 2.0
        },
        "query": {
          "count": 2397,
          "min": 0.0,
          "max": 8.0,
          "mean": 0.3400083437630371,
          "p25": 0.0,
          "p50": 0.0,
          "p75": 0.0,
          "p90": 1.0
        },
        "header": {
          "count": 2397,
          "min": 0.0,
          "max": 1.0,
          "mean": 0.01084689194826867,
          "p25": 0.0,
          "p50": 0.0,
          "p75": 0.0,
          "p90": 0.0
        },
        "body": {
          "count": 2397,
          "min": 0.0,
          "max": 1.0,
          "mean": 0.2599082186065916,
          "p25": 0.0,
          "p50": 0.0,
          "p75": 1.0,
          "p90": 1.0
        },
        "form": {
          "count": 2397,
          "min": 0.0,
          "max": 2.0,
          "mean": 0.0025031289111389237,
          "p25": 0.0,
          "p50": 0.0,
          "p75": 0.0,
          "p90": 0.0
        }
      },
      "optional_by_source": {
        "query": {
          "count": 2397,
          "min": 0.0,
          "max": 16.0,
          "mean": 0.6416353775552774,
          "p25": 0.0,
          "p50": 0.0,
          "p75": 0.0,
          "p90": 2.0
        },
        "header": {
          "count": 2397,
          "min": 0.0,
          "max": 1.0,
          "mean": 0.009595327492699207,
          "p25": 0.0,
          "p50": 0.0,
          "p75": 0.0,
          "p90": 0.0
        },
        "body": {
          "count": 2397,
          "min": 0.0,
          "max": 1.0,
          "mean": 0.03796412181894034,
          "p25": 0.0,
          "p50": 0.0,
          "p75": 0.0,
          "p90": 0.0
        },
        "form": {
          "count": 2397,
          "min": 0.0,
          "max": 1.0,
          "mean": 0.0008343763037129745,
          "p25": 0.0,
          "p50": 0.0,
          "p75": 0.0,
          "p90": 0.0
        },
        "unknown": {
          "count": 2397,
          "min": 0.0,
          "max": 1.0,
          "mean": 0.07926574885273258,
          "p25": 0.0,
          "p50": 0.0,
          "p75": 0.0,
          "p90": 0.0
        }
      }
    }
  },
  "endpoint_coverage": {
    "scope": "endpoints_api_tests_and_resolved_endpoint_events",
    "endpoint_count": 2397,
    "parameter_surface": {
      "endpoints_with_body": {
        "count": 714,
        "total": 2397,
        "proportion": 0.2978723404255319
      },
      "required_by_source": {
        "path": {
          "count": 2397,
          "min": 0.0,
          "max": 6.0,
          "mean": 0.6925323320817689,
          "p25": 0.0,
          "p50": 0.0,
          "p75": 1.0,
          "p90": 2.0
        },
        "query": {
          "count": 2397,
          "min": 0.0,
          "max": 8.0,
          "mean": 0.3400083437630371,
          "p25": 0.0,
          "p50": 0.0,
          "p75": 0.0,
          "p90": 1.0
        },
        "header": {
          "count": 2397,
          "min": 0.0,
          "max": 1.0,
          "mean": 0.01084689194826867,
          "p25": 0.0,
          "p50": 0.0,
          "p75": 0.0,
          "p90": 0.0
        },
        "body": {
          "count": 2397,
          "min": 0.0,
          "max": 1.0,
          "mean": 0.2599082186065916,
          "p25": 0.0,
          "p50": 0.0,
          "p75": 1.0,
          "p90": 1.0
        },
        "form": {
          "count": 2397,
          "min": 0.0,
          "max": 2.0,
          "mean": 0.0025031289111389237,
          "p25": 0.0,
          "p50": 0.0,
          "p75": 0.0,
          "p90": 0.0
        }
      },
      "optional_by_source": {
        "query": {
          "count": 2397,
          "min": 0.0,
          "max": 16.0,
          "mean": 0.6416353775552774,
          "p25": 0.0,
          "p50": 0.0,
          "p75": 0.0,
          "p90": 2.0
        },
        "header": {
          "count": 2397,
          "min": 0.0,
          "max": 1.0,
          "mean": 0.009595327492699207,
          "p25": 0.0,
          "p50": 0.0,
          "p75": 0.0,
          "p90": 0.0
        },
        "body": {
          "count": 2397,
          "min": 0.0,
          "max": 1.0,
          "mean": 0.03796412181894034,
          "p25": 0.0,
          "p50": 0.0,
          "p75": 0.0,
          "p90": 0.0
        },
        "form": {
          "count": 2397,
          "min": 0.0,
          "max": 1.0,
          "mean": 0.0008343763037129745,
          "p25": 0.0,
          "p50": 0.0,
          "p75": 0.0,
          "p90": 0.0
        },
        "unknown": {
          "count": 2397,
          "min": 0.0,
          "max": 1.0,
          "mean": 0.07926574885273258,
          "p25": 0.0,
          "p50": 0.0,
          "p75": 0.0,
          "p90": 0.0
        }
      }
    },
    "coverage": {
      "count": 815,
      "total": 2397,
      "proportion": 0.3400083437630371
    },
    "tests_per_endpoint_among_covered": {
      "count": 815,
      "min": 1.0,
      "max": 74.0,
      "mean": 2.2613496932515336,
      "p25": 1.0,
      "p50": 1.0,
      "p75": 2.0,
      "p90": 4.0
    },
    "coverage_buckets": {
      "no_test": {
        "endpoint_count": 1582,
        "path_variable_count": {
          "count": 1582,
          "min": 0.0,
          "max": 6.0,
          "mean": 0.7269279393173198,
          "p25": 0.0,
          "p50": 0.0,
          "p75": 1.0,
          "p90": 2.0
        },
        "query_variable_count": {
          "count": 1582,
          "min": 0.0,
          "max": 20.0,
          "mean": 0.8843236409608091,
          "p25": 0.0,
          "p50": 0.0,
          "p75": 1.0,
          "p90": 3.0
        },
        "header_variable_count": {
          "count": 1582,
          "min": 0.0,
          "max": 1.0,
          "mean": 0.019595448798988623,
          "p25": 0.0,
          "p50": 0.0,
          "p75": 0.0,
          "p90": 0.0
        },
        "form_variable_count": {
          "count": 1582,
          "min": 0.0,
          "max": 2.0,
          "mean": 0.0050568900126422255,
          "p25": 0.0,
          "p50": 0.0,
          "p75": 0.0,
          "p90": 0.0
        },
        "required_query_variable_count": {
          "count": 1582,
          "min": 0.0,
          "max": 8.0,
          "mean": 0.286346396965866,
          "p25": 0.0,
          "p50": 0.0,
          "p75": 0.0,
          "p90": 1.0
        },
        "optional_query_variable_count": {
          "count": 1582,
          "min": 0.0,
          "max": 16.0,
          "mean": 0.5979772439949431,
          "p25": 0.0,
          "p50": 0.0,
          "p75": 0.0,
          "p90": 2.0
        },
        "route_depth": {
          "count": 1582,
          "min": 0.0,
          "max": 10.0,
          "mean": 3.5853350189633377,
          "p25": 3.0,
          "p50": 3.0,
          "p75": 4.0,
          "p90": 6.0
        }
      },
      "one_to_three": {
        "endpoint_count": 731,
        "path_variable_count": {
          "count": 731,
          "min": 0.0,
          "max": 4.0,
          "mean": 0.6169630642954856,
          "p25": 0.0,
          "p50": 0.0,
          "p75": 1.0,
          "p90": 2.0
        },
        "query_variable_count": {
          "count": 731,
          "min": 0.0,
          "max": 20.0,
          "mean": 1.1326949384404925,
          "p25": 0.0,
          "p50": 0.0,
          "p75": 1.0,
          "p90": 3.0
        },
        "header_variable_count": {
          "count": 731,
          "min": 0.0,
          "max": 1.0,
          "mean": 0.016415868673050615,
          "p25": 0.0,
          "p50": 0.0,