{
  "scope": "api_tests",
  "api_test_count": 1243,
  "by_origin": {
    "test-method": {
      "http_builders": {
        "count": 1243,
        "min": 0.0,
        "max": 17.0,
        "mean": 2.1287208366854387,
        "p25": 1.0,
        "p50": 2.0,
        "p75": 3.0,
        "p90": 4.0
      },
      "http_events": {
        "count": 1243,
        "min": 0.0,
        "max": 4.0,
        "mean": 1.006436041834272,
        "p25": 1.0,
        "p50": 1.0,
        "p75": 1.0,
        "p90": 1.0
      },
      "http_verifications": {
        "count": 1243,
        "min": 0.0,
        "max": 7.0,
        "mean": 1.749798873692679,
        "p25": 1.0,
        "p50": 2.0,
        "p75": 2.0,
        "p90": 3.0
      }
    },
    "test-helper": {
      "http_builders": {
        "count": 1243,
        "min": 0.0,
        "max": 15.0,
        "mean": 0.24859211584875301,
        "p25": 0.0,
        "p50": 0.0,
        "p75": 0.0,
        "p90": 0.0
      },
      "http_events": {
        "count": 1243,
        "min": 0.0,
        "max": 3.0,
        "mean": 0.05551086082059534,
        "p25": 0.0,
        "p50": 0.0,
        "p75": 0.0,
        "p90": 0.0
      },
      "http_verifications": {
        "count": 1243,
        "min": 0.0,
        "max": 3.0,
        "mean": 0.05551086082059534,
        "p25": 0.0,
        "p50": 0.0,
        "p75": 0.0,
        "p90": 0.0
      }
    },
    "fixture": {
      "http_builders": {
        "count": 1243,
        "min": 0.0,
        "max": 0.0,
        "mean": 0.0,
        "p25": 0.0,
        "p50": 0.0,
        "p75": 0.0,
        "p90": 0.0
      },
      "http_events": {
        "count": 1243,
        "min": 0.0,
        "max": 1.0,
        "mean": 0.05953338696701529,
        "p25": 0.0,
        "p50": 0.0,
        "p75": 0.0,
        "p90": 0.0
      },
      "http_verifications": {
        "count": 1243,
        "min": 0.0,
        "max": 1.0,
        "mean": 0.05953338696701529,
        "p25": 0.0,
        "p50": 0.0,
        "p75": 0.0,
        "p90": 0.0
      },
      "by_phase": {
        "setup": {
          "http_builders": {
            "count": 1243,
            "min": 0.0,
            "max": 0.0,
            "mean": 0.0,
            "p25": 0.0,
            "p50": 0.0,
            "p75": 0.0,
            "p90": 0.0
          },
          "http_events": {
            "count": 1243,
            "min": 0.0,
            "max": 1.0,
            "mean": 0.05953338696701529,
            "p25": 0.0,
            "p50": 0.0,
            "p75": 0.0,
            "p90": 0.0
          },
          "http_verifications": {
            "count": 1243,
            "min": 0.0,
            "max": 1.0,
            "mean": 0.05953338696701529,
            "p25": 0.0,
            "p50": 0.0,
            "p75": 0.0,
            "p90": 0.0
          }
        },
        "teardown": {
          "http_builders": {
            "count": 1243,
            "min": 0.0,
            "max": 0.0,
            "mean": 0.0,
            "p25": 0.0,
            "p50": 0.0,
            "p75": 0.0,
            "p90": 0.0
          },
          "http_events": {
            "count": 1243,
            "min": 0.0,
            "max": 0.0,
            "mean": 0.0,
            "p25": 0.0,
            "p50": 0.0,
            "p75": 0.0,
            "p90": 0.0
          },
          "http_verifications": {
            "count": 1243,
            "min": 0.0,
            "max": 0.0,
            "mean": 0.0,
            "p25": 0.0,
            "p50": 0.0,
            "p75": 0.0,
            "p90": 0.0
          }
        }
      }
    },
    "total": {
      "http_builders": {
        "count": 1243,
        "min": 0.0,
        "max": 24.0,
        "mean": 2.3773129525341914,
        "p25": 1.0,
        "p50": 2.0,
        "p75": 3.0,
        "p90": 4.0
      },
      "http_events": {
        "count": 1243,
        "min": 1.0,
        "max": 5.0,
        "mean": 1.1214802896218825,
        "p25": 1.0,
        "p50": 1.0,
        "p75": 1.0,
        "p90": 1.0
      },
      "http_verifications": {
        "count": 1243,
        "min": 0.0,
        "max": 7.0,
        "mean": 1.8648431214802896,
        "p25": 1.0,
        "p50": 2.0,
        "p75": 2.0,
        "p90": 3.0
      }
    }
  },
  "assertion_count": {
    "count": 1243,
    "min": 0.0,
    "max": 8.0,
    "mean": 2.071600965406275,
    "p25": 1.0,
    "p50": 2.0,
    "p75": 2.0,
    "p90": 3.0
  },
  "mocked_interaction_count": {
    "count": 1243,
    "min": 0.0,
    "max": 0.0,
    "mean": 0.0,
    "p25": 0.0,
    "p50": 0.0,
    "p75": 0.0,
    "p90": 0.0
  },
  "fixtures": {
    "setup_method_count": {
      "count": 1243,
      "min": 0.0,
      "max": 3.0,
      "mean": 0.8648431214802896,
      "p25": 1.0,
      "p50": 1.0,
      "p75": 1.0,
      "p90": 2.0
    },
    "teardown_method_count": {
      "count": 1243,
      "min": 0.0,
      "max": 1.0,
      "mean": 0.03781174577634755,
      "p25": 0.0,
      "p50": 0.0,
      "p75": 0.0,
      "p90": 0.0
    }
  },
  "test_helper_method_count": {
    "count": 1243,
    "min": 0.0,
    "max": 5.0,
    "mean": 0.501206757843926,
    "p25": 0.0,
    "p50": 0.0,
    "p75": 1.0,
    "p90": 1.0
  }
}
