{
  "scope": "api_tests",
  "api_test_count": 1243,
  "request_event_count": 1394,
  "event_surfaces": {
    "body_payload": {
      "events": {
        "count": 317,
        "total": 1394,
        "proportion": 0.22740315638450503
      },
      "tests_with_any": {
        "count": 279,
        "total": 1243,
        "proportion": 0.2244569589702333
      }
    },
    "headers": {
      "events": {
        "count": 428,
        "total": 1394,
        "proportion": 0.30703012912482064
      },
      "tests_with_any": {
        "count": 354,
        "total": 1243,
        "proportion": 0.2847948511665326
      }
    },
    "query_params": {
      "events": {
        "count": 421,
        "total": 1394,
        "proportion": 0.3020086083213773
      },
      "tests_with_any": {
        "count": 391,
        "total": 1243,
        "proportion": 0.3145615446500402
      }
    },
    "path_params": {
      "events": {
        "count": 187,
        "total": 1394,
        "proportion": 0.13414634146341464
      },
      "tests_with_any": {
        "count": 187,
        "total": 1243,
        "proportion": 0.1504424778761062
      }
    },
    "form_params": {
      "events": {
        "count": 0,
        "total": 1394,
        "proportion": 0.0
      },
      "tests_with_any": {
        "count": 0,
        "total": 1243,
        "proportion": 0.0
      }
    }
  },
  "per_event": {
    "query_param_names_per_event": {
      "count": 1394,
      "min": 0.0,
      "max": 15.0,
      "mean": 0.5229555236728838,
      "p25": 0.0,
      "p50": 0.0,
      "p75": 1.0,
      "p90": 2.0
    },
    "header_names_per_event": {
      "count": 1394,
      "min": 0.0,
      "max": 3.0,
      "mean": 0.351506456241033,
      "p25": 0.0,
      "p50": 0.0,
      "p75": 1.0,
      "p90": 1.0
    }
  },
  "builder_usage": {
    "events_with_builder_correlation": {
      "count": 1043,
      "total": 1394,
      "proportion": 0.7482065997130559
    },
    "tests_with_builder_correlation": {
      "count": 967,
      "total": 1243,
      "proportion": 0.7779565567176187
    },
    "builder_group_count": 1043,
    "builder_count_total": 2209,
    "contributed_properties": {
      "total": 3271,
      "by_property": {
        "http_method": {
          "count": 873,
          "total": 3271,
          "proportion": 0.26689085906450627
        },
        "path": {
          "count": 873,
          "total": 3271,
          "proportion": 0.26689085906450627
        },
        "headers": {
          "count": 1,
          "total": 3271,
          "proportion": 0.0003057169061449098
        },
        "header_names": {
          "count": 490,
          "total": 3271,
          "proportion": 0.14980128401100581
        },
        "query_param_names": {
          "count": 621,
          "total": 3271,
          "proportion": 0.189850198715989
        },
        "path_param_names": {
          "count": 187,
          "total": 3271,
          "proportion": 0.057169061449098134
        },
        "form_param_names": {
          "count": 0,
          "total": 3271,
          "proportion": 0.0
        },
        "has_body_payload": {
          "count": 225,
          "total": 3271,
          "proportion": 0.0687863038826047
        },
        "auth_hints": {
          "count": 1,
          "total": 3271,
          "proportion": 0.0003057169061449098
        }
      }
    }
  },
  "header_vocabulary": {
    "distinct_header_name_count": 6,
    "tests_with_any_header": {
      "count": 352,
      "total": 1243,
      "proportion": 0.2831858407079646
    },
    "distinct_header_names_per_test": {
      "count": 1243,
      "min": 0.0,
      "max": 3.0,
      "mean": 0.36202735317779566,
      "p25": 0.0,
      "p50": 0.0,
      "p75": 1.0,
      "p90": 1.0
    },
    "header_name_occurrences": {
      "total": 980,
      "content_negotiation": {
        "count": 966,
        "total": 980,
        "proportion": 0.9857142857142858
      }
    },
    "header_name_test_frequency": {
      "accept": 237,
      "content-type": 206,
      "if-match": 3,
      "if-none-match": 2,
      "authorization": 1,
      "user-agent": 1
    }
  },
  "builder_types_given_body": {
    "scope": "per_dispatch_builder_groups_with_body_payload",
    "builder_group_count": 1043,
    "body_builder_group_count": 225,
    "share_of_builder_groups_with_body_payload": {
      "count": 225,
      "total": 1043,
      "proportion": 0.21572387344199426
    },
    "builder_count": 691,
    "builder_types": {
      "total": 691,
      "by_type": {
        "http_method": {
          "count": 130,
          "total": 691,
          "proportion": 0.18813314037626627
        },
        "path": {
          "count": 130,
          "total": 691,
          "proportion": 0.18813314037626627
        },
        "headers": {
          "count": 0,
          "total": 691,
          "proportion": 0.0
        },
        "header_names": {
          "count": 288,
          "total": 691,
          "proportion": 0.41678726483357453
        },
        "query_param_names": {
          "count": 48,
          "total": 691,
          "proportion": 0.0694645441389291
        },
        "path_param_names": {
          "count": 36,
          "total": 691,
          "proportion": 0.05209840810419682
        },
        "form_param_names": {
          "count": 0,
          "total": 691,
          "proportion": 0.0
        },
        "has_body_payload": {
          "count": 225,
          "total": 691,
          "proportion": 0.3256150506512301
        },
        "auth_hints": {
          "count": 0,
          "total": 691,
          "proportion": 0.0
        }
      }
    }
  }
}
