{
  "scope": "api_tests",
  "api_test_count": 269,
  "sequence_count_per_test": {
    "count": 269,
    "min": 1.0,
    "max": 9.0,
    "mean": 1.1858736059479553,
    "p25": 1.0,
    "p50": 1.0,
    "p75": 1.0,
    "p90": 1.0
  },
  "sequence_length": {
    "count": 319,
    "min": 4.0,
    "max": 18.0,
    "mean": 6.128526645768025,
    "p25": 5.0,
    "p50": 6.0,
    "p75": 7.0,
    "p90": 7.0
  },
  "http_assertion_count_per_test": {
    "count": 269,
    "min": 1.0,
    "max": 36.0,
    "mean": 1.6096654275092936,
    "p25": 1.0,
    "p50": 1.0,
    "p75": 1.0,
    "p90": 2.0
  },
  "sequenced_response_check_count_per_test": {
    "count": 269,
    "min": 1.0,
    "max": 36.0,
    "mean": 1.6096654275092936,
    "p25": 1.0,
    "p50": 1.0,
    "p75": 1.0,
    "p90": 2.0
  },
  "request_side_sequence_length": {
    "count": 319,
    "min": 3.0,
    "max": 12.0,
    "mean": 4.77115987460815,
    "p25": 4.0,
    "p50": 5.0,
    "p75": 5.0,
    "p90": 6.0
  },
  "response_side_sequence_length": {
    "count": 319,
    "min": 1.0,
    "max": 15.0,
    "mean": 1.3573667711598747,
    "p25": 1.0,
    "p50": 1.0,
    "p75": 1.0,
    "p90": 2.0
  },
  "verification_concentration": {
    "scope": "http_test_sequences",
    "item_count": 319,
    "total": 433,
    "by_top_fraction": {
      "top_1pct": {
        "item_count": 4,
        "share_of_total": 0.11778290993071594,
        "distribution": {
          "count": 4,
          "min": 12.0,
          "max": 15.0,
          "mean": 12.75,
          "p25": 12.0,
          "p50": 12.0,
          "p75": 12.75,
          "p90": 14.100000000000001
        }
      },
      "top_5pct": {
        "item_count": 16,
        "share_of_total": 0.19630484988452657,
        "distribution": {
          "count": 16,
          "min": 2.0,
          "max": 15.0,
          "mean": 5.3125,
          "p25": 2.75,
          "p50": 3.0,
          "p75": 6.0,
          "p90": 12.0
        }
      },
      "top_10pct": {
        "item_count": 32,
        "share_of_total": 0.2702078521939954,
        "distribution": {
          "count": 32,
          "min": 2.0,
          "max": 15.0,
          "mean": 3.65625,
          "p25": 2.0,
          "p50": 2.0,
          "p75": 3.0,
          "p90": 11.200000000000017
        }
      },
      "top_25pct": {
        "item_count": 80,
        "share_of_total": 0.44803695150115475,
        "distribution": {
          "count": 80,
          "min": 1.0,
          "max": 15.0,
          "mean": 2.425,
          "p25": 2.0,
          "p50": 2.0,
          "p75": 2.0,
          "p90": 3.0
        }
      }
    },
    "share_zero_checks": {
      "count": 0,
      "total": 319,
      "proportion": 0.0
    },
    "share_at_most_one_check": {
      "count": 258,
      "total": 319,
      "proportion": 0.8087774294670846
    },
    "share_more_than_five_checks": {
      "count": 4,
      "total": 319,
      "proportion": 0.012539184952978056
    },
    "share_more_than_ten_checks": {
      "count": 4,
      "total": 319,
      "proportion": 0.012539184952978056
    }
  },
  "unverified_sequence_crud": {
    "scope": "http_test_sequences",
    "sequence_count": 319,
    "no_verification_sequence_count": 0,
    "pct_of_sequences": 0.0,
    "crud_mapped_no_verification_sequence_count": 0,
    "operations": {
      "create": {
        "count": 0,
        "pct_of_crud_mapped_no_verification_sequences": null,
        "followed_by_later_sequence": {
          "count": 0,
          "total": 0,
          "proportion": null
        },
        "followed_by_read": {
          "count": 0,
          "total": 0,
          "proportion": null
        }
      },
      "read": {
        "count": 0,
        "pct_of_crud_mapped_no_verification_sequences": null,
        "followed_by_later_sequence": {
          "count": 0,
          "total": 0,
          "proportion": null
        },
        "followed_by_read": {
          "count": 0,
          "total": 0,
          "proportion": null
        }
      },
      "update": {
        "count": 0,
        "pct_of_crud_mapped_no_verification_sequences": null,
        "followed_by_later_sequence": {
          "count": 0,
          "total": 0,
          "proportion": null
        },
        "followed_by_read": {
          "count": 0,
          "total": 0,
          "proportion": null
        }
      },
      "delete": {
        "count": 0,
        "pct_of_crud_mapped_no_verification_sequences": null,
        "followed_by_later_sequence": {
          "count": 0,
          "total": 0,
          "proportion": null
        },
        "followed_by_read": {
          "count": 0,
          "total": 0,
          "proportion": null
        }
      }
    },
    "uncategorized": {
      "count": 0,
      "pct_of_no_verification_sequences": null,
      "followed_by_later_sequence": {
        "count": 0,
        "total": 0,
        "proportion": null
      },
      "followed_by_read": {
        "count": 0,
        "total": 0,
        "proportion": null
      }
    },
    "followed_by_later_sequence": {
      "count": 0,
      "total": 0,
      "proportion": null
    },
    "followed_by_read": {
      "count": 0,
      "total": 0,
      "proportion": null
    }
  },
  "request_dispatch_event_fan": {
    "scope": "sequenced_request_dispatch_events",
    "dispatch_event_count": 319,
    "request_builder_fan_in": {
      "count": 319,
      "min": 2.0,
      "max": 11.0,
      "mean": 3.7711598746081503,
      "p25": 3.0,
      "p50": 4.0,
      "p75": 4.0,
      "p90": 5.0
    },
    "verification_fan_out": {
      "count": 319,
      "min": 1.0,
      "max": 15.0,
      "mean": 1.3573667711598747,
      "p25": 1.0,
      "p50": 1.0,
      "p75": 1.0,
      "p90": 2.0
    }
  },
  "sequence_shape_distribution": {
    "scope": "http_test_sequences",
    "sequence_count": 319,
    "classified_sequence_count": 319,
    "excluded_sequence_count": 0,
    "labels": {
      "build-dispatch-verification": {
        "count": 319,
        "pct_of_classified_sequences": 100.0
      },
      "build-dispatch-no-verification": {
        "count": 0,
        "pct_of_classified_sequences": 0.0
      },
      "dispatch-only": {
        "count": 0,
        "pct_of_classified_sequences": 0.0
      },
      "dispatch-verification-no-build": {
        "count": 0,
        "pct_of_classified_sequences": 0.0
      }
    }
  },
  "multi_sequence_composition": {
    "scope": "api_tests",
    "api_test_count": 269,
    "multi_sequence_test_count": 25,
    "fully_resolved_multi_sequence_test_count": 23,
    "share_two_or_more_sequences": {
      "count": 25,
      "total": 269,
      "proportion": 0.09293680297397769
    },
    "share_five_or_more_sequences": {
      "count": 4,
      "total": 269,
      "proportion": 0.01486988847583643
    },
    "share_ten_or_more_sequences": {
      "count": 0,
      "total": 269,
      "proportion": 0.0
    },
    "fully_resolved_multi_sequence": {
      "scope": "api_tests_with_multiple_sequences_and_all_dispatches_resolved",
      "test_count": 23,
      "sequence_count": {
        "count": 23,
        "min": 2.0,
        "max": 9.0,
        "mean": 3.0869565217391304,
        "p25": 2.0,
        "p50": 2.0,
        "p75": 3.5,
        "p90": 6.0
      },
      "distinct_endpoint_count": {
        "count": 23,
        "min": 2.0,
        "max": 9.0,
        "mean": 3.0,
        "p25": 2.0,
        "p50": 2.0,
        "p75": 3.5,
        "p90": 5.800000000000001
      },
      "share_multiple_endpoints": {
        "count": 23,
        "total": 23,
        "proportion": 1.0
      },
      "re_dispatches_endpoint": {
        "count": 2,
        "total": 23,
        "proportion": 0.08695652173913043
      },
      "has_duplicate_sequence": {
        "count": 2,
        "total": 23,
        "proportion": 0.08695652173913043
      },
      "top_decile": {
        "scope": "largest_10pct_by_sequence_count",
        "test_count": 3,
        "sequence_count": {
          "count": 3,